model,total_params,total_params_millions,trainable_params,trainable_params_millions,training_time_seconds,avg_latency_ms,std_latency_ms,throughput_queries_per_sec,peak_memory_mb,non_trainable_params,min_latency_ms,max_latency_ms,num_samples_measured,allocated_memory_mb,device
bilstm_crf,5061558,5.061558,5061558,5.061558,-1,4.799277402415145,5.234445263658214,208.36470079782617,-1,0,2.6695000706240535,28.155041043646634,41,-1,cpu
cnn_bilstm,4975563,4.975563,4975563,4.975563,-1,4.5389888620730945,5.59714217534781,220.31338485004997,-1,0,2.4907499318942428,27.45195897296071,41,-1,cpu
bert_ner,108901645,108.901645,108901645,108.901645,-1,30.560252080648773,3.225414988362976,32.72224317263455,-1,0,23.621125030331314,34.06141698360443,41,-1,cpu
roberta_ner,124065037,124.065037,124065037,124.065037,-1,31.776151443808907,2.042779664843513,31.47014205821437,-1,0,24.881792021915317,34.540000022388995,41,-1,cpu
