model,precision,recall,f1,micro_precision,micro_recall,micro_f1,macro_precision,macro_recall,macro_f1,weighted_precision,weighted_recall,weighted_f1
bilstm_crf,0.7,0.5,0.5833333333333334,0.7,0.5,0.5833333333333334,0.6051136363636364,0.5569852941176471,0.5758928571428571,0.6168831168831169,0.5,0.5459183673469388
cnn_bilstm,0.6666666666666666,0.2857142857142857,0.4,0.6666666666666666,0.2857142857142857,0.4,0.5535714285714286,0.43566176470588236,0.46428571428571425,0.5433673469387755,0.2857142857142857,0.34183673469387754
bert_ner,0.4642857142857143,0.4642857142857143,0.4642857142857143,0.4642857142857143,0.4642857142857143,0.4642857142857143,0.5164473684210527,0.5257352941176471,0.5208333333333334,0.4417293233082707,0.4642857142857143,0.45238095238095244
roberta_ner,0.7096774193548387,0.7857142857142857,0.7457627118644068,0.7096774193548387,0.7857142857142857,0.7457627118644068,0.7412280701754386,0.8014705882352942,0.7666666666666666,0.7286967418546365,0.7857142857142857,0.7547619047619047
