model,exact_match_accuracy,partial_match_accuracy,attribute_coverage,slot_precision,slot_recall,slot_f1
bilstm_crf,0.7058823529411765,0.21568627450980393,50.0,0.7,0.5,0.5833333333333334
cnn_bilstm,0.6862745098039216,0.13725490196078433,28.57142857142857,0.6666666666666666,0.2857142857142857,0.4
bert_ner,0.5294117647058824,0.1568627450980392,46.42857142857143,0.4642857142857143,0.4642857142857143,0.4642857142857143
roberta_ner,0.7450980392156863,0.3137254901960784,78.57142857142857,0.7096774193548387,0.7857142857142857,0.7457627118644068
