{
  "train_loss": [
    4.507350668026383,
    3.958482576783296,
    3.640384938306869,
    3.357915275415797,
    3.141582314375859,
    2.9777174527478065,
    2.815029019762756,
    2.638945688867265,
    2.534731692569271,
    2.3881194227060694,
    2.2737005728824884
  ],
  "val_loss": [
    4.206747701899572,
    3.83606390316378,
    3.5513079396703024,
    3.4189052310856907,
    3.284465239129283,
    3.247819471765648,
    3.2506137524138796,
    3.289597667076371,
    3.2606770274314014,
    3.3572538901459086,
    3.402411877431653
  ]
}