{
  "bm25_baseline": {
    "nDCG@10": 0.48822565245246163,
    "Recall@10": 0.14142589265933486,
    "MRR@10": 0.4493825396825396,
    "num_queries": 500
  },
  "bert_ner_rerank": {
    "nDCG@10": 0.4794847483188974,
    "Recall@10": 0.1416615275799698,
    "MRR@10": 0.4404373015873016,
    "num_queries": 500
  },
  "roberta_ner_rerank": {
    "nDCG@10": 0.48506796806691194,
    "Recall@10": 0.14299589265933488,
    "MRR@10": 0.4459428571428572,
    "num_queries": 500
  },
  "bilstm_crf_rerank": {
    "nDCG@10": 0.4822493244646104,
    "Recall@10": 0.1413470587155009,
    "MRR@10": 0.4434706349206349,
    "num_queries": 500
  },
  "cnn_bilstm_rerank": {
    "nDCG@10": 0.48175210552450515,
    "Recall@10": 0.14196176567520788,
    "MRR@10": 0.44075396825396823,
    "num_queries": 500
  }
}