model,nDCG@10,Recall@10,MRR@10
bm25_baseline,0.48822565245246163,0.14142589265933486,0.4493825396825396
bert_ner_rerank,0.4794847483188974,0.1416615275799698,0.4404373015873016
roberta_ner_rerank,0.48506796806691194,0.14299589265933488,0.4459428571428572
bilstm_crf_rerank,0.4822493244646104,0.1413470587155009,0.4434706349206349
cnn_bilstm_rerank,0.48175210552450515,0.14196176567520788,0.44075396825396823
