{
  "train_loss": [
    5.3995514566248115,
    3.3258703730323096,
    3.2218858003616333,
    3.1226812275973233,
    3.0522638776085596,
    2.927273750305176,
    2.7589913606643677,
    2.72401377287778,
    2.5453622991388496,
    2.3758894096721304
  ],
  "val_loss": [
    3.6593171119689942,
    3.506597948074341,
    3.451771593093872,
    3.4580732345581056,
    3.4324334621429444,
    3.488285684585571,
    3.527170419692993,
    3.5442872524261473,
    3.6433753490448,
    3.7935597896575928
  ]
}