model,total_params,total_params_millions,trainable_params,trainable_params_millions,training_time_seconds,avg_latency_ms,std_latency_ms,throughput_queries_per_sec,peak_memory_mb,non_trainable_params,min_latency_ms,max_latency_ms,num_samples_measured,allocated_memory_mb,device
bilstm_crf,5061558,5.061558,5061558,5.061558,-1,3.9309974340721965,2.7638791097770237,254.38836243759147,-1,0,2.8349170461297035,23.018082953058183,50,-1,cpu
cnn_bilstm,4975563,4.975563,4975563,4.975563,-1,3.5849058581516147,3.008873651748866,278.9473530319154,-1,0,2.6016669580712914,24.466916918754578,50,-1,cpu
bert_ner,108901645,108.901645,108901645,108.901645,-1,33.31375583773479,3.494269551149906,30.017630100635216,-1,0,26.196207967586815,38.82087499368936,50,-1,cpu
roberta_ner,124065037,124.065037,124065037,124.065037,-1,35.6412483076565,2.6944877153393008,28.05737866889412,-1,0,26.92545799072832,41.339832940138876,50,-1,cpu
