model,precision,recall,f1,micro_precision,micro_recall,micro_f1,macro_precision,macro_recall,macro_f1,weighted_precision,weighted_recall,weighted_f1
gold_bilstm_crf,0.0,0.0,0.0,0.0,0.0,0.0,0.0,0.0,0.0,0.0,0.0,0.0
gold_cnn_bilstm,0.0,0.0,0.0,0.0,0.0,0.0,0.0,0.0,0.0,0.0,0.0,0.0
gold_bert_ner,0.23140495867768596,0.27184466019417475,0.25,0.23140495867768596,0.27184466019417475,0.25,0.20054035798716652,0.20439225918677972,0.19922751898799804,0.22328719961440474,0.27184466019417475,0.24319093498792352
gold_roberta_ner,0.2033898305084746,0.11650485436893204,0.14814814814814817,0.2033898305084746,0.11650485436893204,0.14814814814814817,0.06742424242424243,0.056262230919765156,0.0601237842617153,0.17215357458075906,0.11650485436893204,0.13715845587288508
