model,exact_match_accuracy,partial_match_accuracy,attribute_coverage,slot_precision,slot_recall,slot_f1
gold_bilstm_crf,0.5066666666666667,0.0,0.0,0.0,0.0,0.0
gold_cnn_bilstm,0.5066666666666667,0.0,0.0,0.0,0.0,0.0
gold_bert_ner,0.35333333333333333,0.09333333333333334,27.184466019417474,0.22764227642276422,0.27184466019417475,0.247787610619469
gold_roberta_ner,0.42,0.04,11.650485436893204,0.2033898305084746,0.11650485436893204,0.14814814814814817
