{
  "train_loss": [
    3.474771462149332,
    2.8221730179789586,
    2.6087544931281563,
    2.458964212212455,
    2.3270321079756267,
    2.217187377972112,
    2.12700207258128,
    2.051967381123433,
    1.9820542240346226,
    1.9252893343558768
  ],
  "val_loss": [
    2.9300534190102057,
    2.6446752297607334,
    2.523368954997171,
    2.438917049630122,
    2.4211748171259058,
    2.4238177131522787,
    2.443629312921654,
    2.4939460405571894,
    2.5754408616233957,
    2.6494902419773014
  ]
}