{
  "train_loss": [
    4.807735692371022,
    3.3265798417004673,
    3.2533371448516846,
    3.219979676333341,
    3.0859669772061435,
    3.0337101762945,
    2.948404171250083,
    2.828155842694369,
    2.6761920181187717,
    2.5353826717896895,
    2.4312310218811035,
    2.309729516506195,
    2.184162833473899
  ],
  "val_loss": [
    3.5279998779296875,
    3.522826147079468,
    3.460737705230713,
    3.569699430465698,
    3.516116142272949,
    3.3741453647613526,
    3.384445381164551,
    3.365288019180298,
    3.5581244468688964,
    3.4165914058685303,
    3.7182044982910156,
    3.712607669830322,
    3.584400177001953
  ]
}