model,total_params,total_params_millions,trainable_params,trainable_params_millions,training_time_seconds,avg_latency_ms,std_latency_ms,throughput_queries_per_sec,peak_memory_mb,non_trainable_params,min_latency_ms,max_latency_ms,num_samples_measured,allocated_memory_mb,device
bilstm_crf,5061558,5.061558,5061558,5.061558,-1,4.206070895306766,4.008679090255183,237.75157977385112,-1,0,2.820208086632192,24.13383300881833,50,-1,cpu
cnn_bilstm,4975563,4.975563,4975563,4.975563,-1,3.9130475209094584,4.442690080118621,255.555291535939,-1,0,2.4667909601703286,25.729125016368926,50,-1,cpu
bert_ner,108901645,108.901645,108901645,108.901645,-1,32.79665990266949,1.0403081461679209,30.490909835565446,-1,0,29.740291996859014,35.27325007598847,50,-1,cpu
roberta_ner,124065037,124.065037,124065037,124.065037,-1,33.67206668946892,1.39970402626197,29.69820680216086,-1,0,31.47191705647856,38.13941706903279,50,-1,cpu
