model,precision,recall,f1,micro_precision,micro_recall,micro_f1,macro_precision,macro_recall,macro_f1,weighted_precision,weighted_recall,weighted_f1
bilstm_crf,0.6090570364001147,0.3529607175483764,0.44692149955307847,0.6090570364001147,0.3529607175483764,0.44692149955307847,0.6133432966193777,0.5839179506816448,0.5803879338952042,0.5702934426471643,0.3529607175483764,0.417381065190296
cnn_bilstm,0.6630229928382962,0.292168424549456,0.40560327434138466,0.6630229928382962,0.292168424549456,0.40560327434138466,0.6624860356230468,0.5227752167391987,0.530566492705644,0.6117301081571784,0.292168424549456,0.3630457956383127
bert_ner,0.554406167658827,0.4718046673864297,0.509781048097631,0.554406167658827,0.4718046673864297,0.509781048097631,0.6028548324453533,0.6556459307675131,0.604439886758115,0.5288036504515782,0.4718046673864297,0.48987785403187156
roberta_ner,0.5079506085102603,0.47487750186861555,0.4908575843420036,0.5079506085102603,0.47487750186861555,0.4908575843420036,0.5830399875974306,0.6381570498966066,0.6013604343291252,0.49613785840162145,0.47487750186861555,0.4828438311932143
