model,exact_match_accuracy,partial_match_accuracy,attribute_coverage,slot_precision,slot_recall,slot_f1
bilstm_crf,0.37395555555555554,0.2846222222222222,35.29607175483764,0.6095811818703385,0.3529607175483764,0.4470625361594698
cnn_bilstm,0.3711111111111111,0.24044444444444443,29.216842454945603,0.663648368232409,0.292168424549456,0.4057202168146696
bert_ner,0.37875555555555557,0.34213333333333334,47.197076654762895,0.5538986354775829,0.47197076654762893,0.5096632438007264
roberta_ner,0.3552,0.3258666666666667,47.55418985134125,0.5073992024811697,0.4755418985134125,0.4909542999228329
