{
  "train_loss": [
    3.4992358283543283,
    2.8611084092033847,
    2.629794585203558,
    2.4586462789305386,
    2.3206910294486867,
    2.216750494304915,
    2.142272835966293,
    2.0786990918886508,
    2.0184105262750536
  ],
  "val_loss": [
    2.9119321046905084,
    2.6504391262477096,
    2.507548650896007,
    2.4707179218530655,
    2.481216389685869,
    2.4751701568338005,
    2.5075959983197125,
    2.553393728692423,
    2.5159967697479506
  ]
}