model,total_params,total_params_millions,trainable_params,trainable_params_millions,training_time_seconds,avg_latency_ms,std_latency_ms,throughput_queries_per_sec,peak_memory_mb,non_trainable_params,min_latency_ms,max_latency_ms,num_samples_measured,allocated_memory_mb,device
bilstm_crf,5061558,5.061558,5061558,5.061558,-1,4.548459274228662,3.3585076316182225,219.85466719817606,-1,0,2.7379998937249184,23.430790985003114,50,-1,cpu
cnn_bilstm,4975563,4.975563,4975563,4.975563,-1,3.448020862415433,2.8953706610720684,290.0214470568698,-1,0,2.490457962267101,23.59058300498873,50,-1,cpu
bert_ner,108901645,108.901645,108901645,108.901645,-1,32.90915661258623,3.6018716693595865,30.386679664028406,-1,0,25.146582978777587,40.31850001774728,50,-1,cpu
roberta_ner,124065037,124.065037,124065037,124.065037,-1,36.95076999021694,5.93588544117766,27.06303550006561,-1,0,26.244916021823883,54.521291982382536,50,-1,cpu
