model,precision,recall,f1,micro_precision,micro_recall,micro_f1,macro_precision,macro_recall,macro_f1,weighted_precision,weighted_recall,weighted_f1
bilstm_crf,0.6438356164383562,0.4563106796116505,0.5340909090909091,0.6438356164383562,0.4563106796116505,0.5340909090909091,0.7869047619047619,0.7333659491193738,0.7340532348204981,0.6147018030513176,0.4563106796116505,0.5022427487950295
cnn_bilstm,0.5964912280701754,0.3300970873786408,0.425,0.5964912280701754,0.3300970873786408,0.425,0.6009259259259259,0.6374211785170689,0.5871360665478312,0.5461704422869472,0.3300970873786408,0.37618157589602474
bert_ner,0.5714285714285714,0.5048543689320388,0.5360824742268041,0.5714285714285714,0.5048543689320388,0.5360824742268041,0.6454248366013072,0.6881387258099587,0.6584062903582564,0.5312202550923282,0.5048543689320388,0.5145188826503564
roberta_ner,0.7272727272727273,0.6990291262135923,0.712871287128713,0.7272727272727273,0.6990291262135923,0.712871287128713,0.8198768064439707,0.8765492498369211,0.8422824302134647,0.7232671593488866,0.6990291262135923,0.7095174326844899
