model,exact_match_accuracy,partial_match_accuracy,attribute_coverage,slot_precision,slot_recall,slot_f1
bilstm_crf,0.5933333333333334,0.23333333333333334,45.63106796116505,0.6438356164383562,0.4563106796116505,0.5340909090909091
cnn_bilstm,0.56,0.16,33.00970873786408,0.5964912280701754,0.3300970873786408,0.425
bert_ner,0.6,0.24,50.48543689320388,0.5714285714285714,0.5048543689320388,0.5360824742268041
roberta_ner,0.6933333333333334,0.3333333333333333,69.90291262135922,0.7272727272727273,0.6990291262135923,0.712871287128713
