{
  "train_loss": [
    4.9556854797315,
    4.201003732560556,
    3.987110315998898,
    3.7441683056988295,
    3.5707393235798124,
    3.359356910367555,
    3.114042623133599,
    2.9617147717294814,
    2.7652881054938594,
    2.593265257304228,
    2.4307005088540574,
    2.2514496830445303
  ],
  "val_loss": [
    4.226457843049006,
    4.0790049670772115,
    3.913737200877883,
    3.7864338051189077,
    3.697736003182151,
    3.675339312038638,
    3.550756990232251,
    3.6322669725526464,
    3.5840473811734808,
    3.6985063302246006,
    3.7773070999167184,
    3.8021080514246766
  ]
}