{
  "train_loss": [
    5.092696993439286,
    3.3239127529992,
    3.2674340671963162,
    3.129361691298308,
    3.084391779369778,
    2.9177581557521113,
    2.8267079724205866,
    2.6881584414729365,
    2.551695355662593,
    2.3667402179152877,
    2.17704004711575
  ],
  "val_loss": [
    3.230672001838684,
    3.1672642827033997,
    3.1221508383750916,
    3.1866188645362854,
    3.130013108253479,
    3.088888645172119,
    3.1281681656837463,
    3.2245818078517914,
    3.208245038986206,
    3.2624787986278534,
    3.4223883152008057
  ]
}