{
  "train_loss": [
    5.323750734329224,
    4.0691743195056915,
    3.9912712275981903,
    3.846283920109272,
    3.752716690301895,
    3.616659201681614,
    3.4754194542765617,
    3.226208694279194,
    3.0355260595679283,
    2.8266236782073975,
    2.6411500200629234,
    2.5131793469190598
  ],
  "val_loss": [
    4.388322930444371,
    4.238717000592839,
    4.194903354753148,
    4.205159158869223,
    4.169987919655713,
    4.085572389716452,
    4.0547175448049195,
    4.303889689120379,
    4.1959467543797055,
    4.411669928919185,
    4.417453545061025,
    4.390224725008011
  ]
}