{
  "train_loss": [
    3.4747714604058695,
    2.822173046528167,
    2.608754474385928,
    2.458964081380078,
    2.3270329649603854,
    2.21718806787499,
    2.1270076676449494,
    2.051934688647733,
    1.982194110360689,
    1.9252604805500604
  ],
  "val_loss": [
    2.9300534853881057,
    2.644675296815959,
    2.5233688564463095,
    2.4389171630821447,
    2.421172522008419,
    2.4238144186410038,
    2.4436065073717725,
    2.4946763979440387,
    2.575882474807176,
    2.641806596382098
  ]
}